[
  {
    "id": "5421ad2f-3aad-4613-aa99-8f79606b68bb",
    "data": [
      {
        "text": "Prefiro ",
        "userDefined": false
      },
      {
        "text": "TI",
        "meta": "@areas-de-interesse",
        "alias": "areas-de-interesse",
        "userDefined": false
      }
    ],
    "isTemplate": false,
    "count": 1,
    "lang": "pt-br",
    "updated": 0
  },
  {
    "id": "816cc960-b29a-41ab-a2c5-7806b5de9bd2",
    "data": [
      {
        "text": "Curto ",
        "userDefined": false
      },
      {
        "text": "eletrotécnica",
        "meta": "@areas-de-interesse",
        "alias": "areas-de-interesse",
        "userDefined": false
      }
    ],
    "isTemplate": false,
    "count": 0,
    "lang": "pt-br",
    "updated": 0
  },
  {
    "id": "9bdc6e9a-d92b-42d8-9117-40d197e246cd",
    "data": [
      {
        "text": "Gosto da área de ",
        "userDefined": false
      },
      {
        "text": "culinária",
        "meta": "@areas-de-interesse",
        "alias": "areas-de-interesse",
        "userDefined": false
      }
    ],
    "isTemplate": false,
    "count": 0,
    "lang": "pt-br",
    "updated": 0
  },
  {
    "id": "66afab4a-8dcd-4c34-b676-c9da15d4bfca",
    "data": [
      {
        "text": "Administrador",
        "meta": "@areas-de-interesse",
        "alias": "areas-de-interesse",
        "userDefined": true
      }
    ],
    "isTemplate": false,
    "count": 0,
    "lang": "pt-br",
    "updated": 0
  },
  {
    "id": "cd61c163-3dcc-4524-9f9d-5ddea84c9ba6",
    "data": [
      {
        "text": "Vendas",
        "meta": "@areas-de-interesse",
        "alias": "areas-de-interesse",
        "userDefined": false
      }
    ],
    "isTemplate": false,
    "count": 0,
    "lang": "pt-br",
    "updated": 0
  },
  {
    "id": "dee5aeeb-b8fc-4a0d-aa67-1d63058678cf",
    "data": [
      {
        "text": "Tecnologia",
        "meta": "@areas-de-interesse",
        "alias": "areas-de-interesse",
        "userDefined": false
      }
    ],
    "isTemplate": false,
    "count": 0,
    "lang": "pt-br",
    "updated": 0
  }
]