[
  {
    "id": "2fa08ef9-4c33-4cda-bdd9-25d9ecf3a60d",
    "data": [
      {
        "text": "Tô morando no ",
        "userDefined": false
      },
      {
        "text": "Itaum",
        "meta": "@sys.location",
        "alias": "location",
        "userDefined": false
      },
      {
        "text": ", em ",
        "userDefined": false
      },
      {
        "text": "Joinville",
        "meta": "@sys.location",
        "alias": "location1",
        "userDefined": false
      }
    ],
    "isTemplate": false,
    "count": 0,
    "lang": "pt-br",
    "updated": 0
  },
  {
    "id": "22d0f2fa-b803-4b7f-aa5c-076fef91f661",
    "data": [
      {
        "text": "Vivo em ",
        "userDefined": false
      },
      {
        "text": "Copacabana",
        "meta": "@sys.location",
        "alias": "location",
        "userDefined": true
      },
      {
        "text": ",  no ",
        "userDefined": false
      },
      {
        "text": "Rio de Janeiro",
        "meta": "@sys.location",
        "alias": "location1",
        "userDefined": false
      }
    ],
    "isTemplate": false,
    "count": 0,
    "lang": "pt-br",
    "updated": 0
  },
  {
    "id": "53bd15e1-9911-4956-9c9b-08b4d6077b11",
    "data": [
      {
        "text": "Moro",
        "meta": "@sys.ignore",
        "userDefined": false
      },
      {
        "text": " no ",
        "userDefined": false
      },
      {
        "text": "Capão Redondo",
        "meta": "@sys.location",
        "alias": "location",
        "userDefined": false
      },
      {
        "text": ", em ",
        "userDefined": false
      },
      {
        "text": "São Paulo",
        "meta": "@sys.location",
        "alias": "location1",
        "userDefined": false
      }
    ],
    "isTemplate": false,
    "count": 0,
    "lang": "pt-br",
    "updated": 0
  }
]