[
  {
    "id": "792558b8-a42e-41e9-b784-7e7dde1bf421",
    "data": [
      {
        "text": "Meu nome é ",
        "userDefined": false
      },
      {
        "text": "Juca",
        "meta": "@sys.given-name",
        "alias": "given-name",
        "userDefined": false
      }
    ],
    "isTemplate": false,
    "count": 0,
    "lang": "pt-br",
    "updated": 0
  },
  {
    "id": "178c52b9-2492-4ac5-b014-f8e4833adf2c",
    "data": [
      {
        "text": "Me chamo ",
        "userDefined": false
      },
      {
        "text": "Marcos",
        "meta": "@sys.given-name",
        "alias": "given-name",
        "userDefined": false
      }
    ],
    "isTemplate": false,
    "count": 0,
    "lang": "pt-br",
    "updated": 0
  },
  {
    "id": "27fcab5d-3ad5-47d7-a939-0439119c5a51",
    "data": [
      {
        "text": "João da Silva",
        "meta": "@sys.given-name",
        "alias": "given-name",
        "userDefined": false
      }
    ],
    "isTemplate": false,
    "count": 0,
    "lang": "pt-br",
    "updated": 0
  }
]