[
  {
    "id": "3c104e00-8fc7-48d0-b1d9-b650aa40ee9d",
    "data": [
      {
        "text": "Opa",
        "userDefined": false
      }
    ],
    "isTemplate": false,
    "count": 0,
    "lang": "pt-br",
    "updated": 0
  },
  {
    "id": "66533c3a-cdba-4b8b-bfa8-261322e86da8",
    "data": [
      {
        "text": "Oi",
        "meta": "@sys.ignore",
        "userDefined": false
      }
    ],
    "isTemplate": false,
    "count": 0,
    "lang": "pt-br",
    "updated": 0
  },
  {
    "id": "fd694231-1441-4bc6-b493-f4bcc862b36c",
    "data": [
      {
        "text": "Olá",
        "meta": "@sys.ignore",
        "userDefined": false
      }
    ],
    "isTemplate": false,
    "count": 0,
    "lang": "pt-br",
    "updated": 0
  },
  {
    "id": "a66edf10-6c57-428d-89d7-c188e710f832",
    "data": [
      {
        "text": "Olá",
        "meta": "@sys.ignore",
        "userDefined": false
      },
      {
        "text": ", fui indicado pelo ",
        "userDefined": false
      },
      {
        "text": "João Marcos",
        "meta": "@sys.person",
        "alias": "person",
        "userDefined": true
      },
      {
        "text": " e gostaria de me cadastrar na plataforma",
        "userDefined": false
      }
    ],
    "isTemplate": false,
    "count": 0,
    "lang": "pt-br",
    "updated": 0
  },
  {
    "id": "5a4e0175-7f94-40ea-9fad-2a2070d6b2c5",
    "data": [
      {
        "text": "Olá",
        "meta": "@sys.ignore",
        "userDefined": false
      },
      {
        "text": ", gostaria de me cadastrar na plataforma",
        "userDefined": false
      }
    ],
    "isTemplate": false,
    "count": 0,
    "lang": "pt-br",
    "updated": 0
  }
]