[
  {
    "id": "62b2669a-4347-4414-8d92-5d9a54b0d550",
    "data": [
      {
        "text": "Manda o ",
        "userDefined": false
      },
      {
        "text": "luisa.ferreira@yahoo.com.br",
        "meta": "@sys.email",
        "alias": "email",
        "userDefined": true
      }
    ],
    "isTemplate": false,
    "count": 0,
    "lang": "pt-br",
    "updated": 0
  },
  {
    "id": "aea85456-d2c7-4808-9c79-78a51d07710b",
    "data": [
      {
        "text": "Pode inscrever o ",
        "userDefined": false
      },
      {
        "text": "maria.figueiredo@hotmail.com",
        "meta": "@sys.email",
        "alias": "email",
        "userDefined": true
      }
    ],
    "isTemplate": false,
    "count": 0,
    "lang": "pt-br",
    "updated": 0
  },
  {
    "id": "2bce8ffa-ffb0-4307-8320-9f0fcb8ffc6e",
    "data": [
      {
        "text": "Meu e-mail é ",
        "userDefined": false
      },
      {
        "text": "joao.silva@gmail.com",
        "meta": "@sys.email",
        "alias": "email",
        "userDefined": true
      }
    ],
    "isTemplate": false,
    "count": 1,
    "lang": "pt-br",
    "updated": 0
  }
]