[
  {
    "id": "65ac7de2-9904-4936-8306-979e3d6cafb3",
    "data": [
      {
        "text": "Tenho interesse",
        "userDefined": false
      }
    ],
    "isTemplate": false,
    "count": 0,
    "lang": "pt-br",
    "updated": 0
  },
  {
    "id": "182db857-12d7-4485-9bc3-fef96e3e527f",
    "data": [
      {
        "text": "Tô interessado",
        "userDefined": false
      }
    ],
    "isTemplate": false,
    "count": 0,
    "lang": "pt-br",
    "updated": 0
  },
  {
    "id": "c4c55c5e-8028-4333-b5f0-5cc2c9a02fc6",
    "data": [
      {
        "text": "Sim",
        "meta": "@sys.ignore",
        "userDefined": false
      }
    ],
    "isTemplate": false,
    "count": 0,
    "lang": "pt-br",
    "updated": 0
  }
]