[
  {
    "value": "Administração",
    "synonyms": [
      "Administração",
      "Administrador"
    ]
  },
  {
    "value": "Artes",
    "synonyms": [
      "Artes",
      "Design",
      "Artes e Design",
      "Arte",
      "Designer"
    ]
  },
  {
    "value": "Culinária",
    "synonyms": [
      "Culinária",
      "Cozinha",
      "Cozinheiro",
      "Cozinhar"
    ]
  },
  {
    "value": "Eletrotécnica",
    "synonyms": [
      "Eletrotécnica",
      "Eletro técnica",
      "Eletricista"
    ]
  },
  {
    "value": "Tecnologia",
    "synonyms": [
      "Tecnologia",
      "TI",
      "Programação"
    ]
  },
  {
    "value": "Vendas",
    "synonyms": [
      "Vendas",
      "Vendedor"
    ]
  }
]